tif_path,polygon_index,tif_path_name
../original_data/data_1/zone12/230617_Ecomed_15cm_L93_4canaux_zone12_1_0.tif,468,../data/full_img_msk/img/img_zone12_1_0.tif
../original_data/data_1/zone12/230617_Ecomed_15cm_L93_4canaux_zone12_1_0.tif,472,../data/full_img_msk/img/img_zone12_1_0.tif
../original_data/data_1/zone12/230617_Ecomed_15cm_L93_4canaux_zone12_1_0.tif,473,../data/full_img_msk/img/img_zone12_1_0.tif
../original_data/data_1/zone12/230617_Ecomed_15cm_L93_4canaux_zone12_1_0.tif,476,../data/full_img_msk/img/img_zone12_1_0.tif
../original_data/data_1/zone12/230617_Ecomed_15cm_L93_4canaux_zone12_1_0.tif,563,../data/full_img_msk/img/img_zone12_1_0.tif
../original_data/data_1/zone12/230617_Ecomed_15cm_L93_4canaux_zone12_1_0.tif,725,../data/full_img_msk/img/img_zone12_1_0.tif
../original_data/data_1/zone12/230617_Ecomed_15cm_L93_4canaux_zone12_3_4.tif,671,../data/full_img_msk/img/img_zone12_3_4.tif
../original_data/data_1/zone16/230617_Ecomed_15cm_L93_4canaux_zone16_2_0.tif,3331,../data/full_img_msk/img/img_zone16_2_0.tif
../original_data/data_1/zone16/230617_Ecomed_15cm_L93_4canaux_zone16_2_0.tif,3332,../data/full_img_msk/img/img_zone16_2_0.tif
../original_data/data_1/zone25/230617_Ecomed_15cm_L93_4canaux_zone25_0_2.tif,2020,../data/full_img_msk/img/img_zone25_0_2.tif
../original_data/data_1/zone25/230617_Ecomed_15cm_L93_4canaux_zone25_0_2.tif,2041,../data/full_img_msk/img/img_zone25_0_2.tif
../original_data/data_1/zone25/230617_Ecomed_15cm_L93_4canaux_zone25_0_2.tif,2057,../data/full_img_msk/img/img_zone25_0_2.tif
../original_data/data_1/zone25/230617_Ecomed_15cm_L93_4canaux_zone25_0_2.tif,2068,../data/full_img_msk/img/img_zone25_0_2.tif
../original_data/data_1/zone25/230617_Ecomed_15cm_L93_4canaux_zone25_0_2.tif,2111,../data/full_img_msk/img/img_zone25_0_2.tif
../original_data/data_1/zone25/230617_Ecomed_15cm_L93_4canaux_zone25_0_2.tif,2114,../data/full_img_msk/img/img_zone25_0_2.tif
../original_data/data_1/zone25/230617_Ecomed_15cm_L93_4canaux_zone25_3_0.tif,6133,../data/full_img_msk/img/img_zone25_3_0.tif
../original_data/data_1/zone25/230617_Ecomed_15cm_L93_4canaux_zone25_3_0.tif,6136,../data/full_img_msk/img/img_zone25_3_0.tif
../original_data/data_1/zone25/230617_Ecomed_15cm_L93_4canaux_zone25_3_0.tif,6142,../data/full_img_msk/img/img_zone25_3_0.tif
../original_data/data_1/zone33/230617_Ecomed_15cm_L93_4canaux_zone33_1_1.tif,1881,../data/full_img_msk/img/img_zone33_1_1.tif
../original_data/data_1/zone33/230617_Ecomed_15cm_L93_4canaux_zone33_1_1.tif,1882,../data/full_img_msk/img/img_zone33_1_1.tif
../original_data/data_1/zone33/230617_Ecomed_15cm_L93_4canaux_zone33_1_1.tif,1883,../data/full_img_msk/img/img_zone33_1_1.tif
../original_data/data_1/zone33/230617_Ecomed_15cm_L93_4canaux_zone33_1_1.tif,1885,../data/full_img_msk/img/img_zone33_1_1.tif
../original_data/data_1/zone33/230617_Ecomed_15cm_L93_4canaux_zone33_1_1.tif,1886,../data/full_img_msk/img/img_zone33_1_1.tif
../original_data/data_1/zone33/230617_Ecomed_15cm_L93_4canaux_zone33_1_1.tif,1888,../data/full_img_msk/img/img_zone33_1_1.tif
../original_data/data_1/zone36/230617_Ecomed_15cm_L93_4canaux_zone16_0_0.tif,3335,../data/full_img_msk/img/img_zone16_0_0.tif
../original_data/data_1/zone36/230617_Ecomed_15cm_L93_4canaux_zone16_0_1.tif,3335,../data/full_img_msk/img/img_zone16_0_1.tif
../original_data/data_2/zone41/230617_Ecomed_15cm_L93_4canaux_zone41_1_0.tif,8435,../data/full_img_msk/img/img_zone41_1_0.tif
../original_data/data_2/zone41/230617_Ecomed_15cm_L93_4canaux_zone41_1_0.tif,8441,../data/full_img_msk/img/img_zone41_1_0.tif
../original_data/data_2/zone41/230617_Ecomed_15cm_L93_4canaux_zone41_1_0.tif,8442,../data/full_img_msk/img/img_zone41_1_0.tif
../original_data/data_2/zone41/230617_Ecomed_15cm_L93_4canaux_zone41_1_1.tif,8435,../data/full_img_msk/img/img_zone41_1_1.tif
../original_data/data_2/zone41/230617_Ecomed_15cm_L93_4canaux_zone41_1_1.tif,8442,../data/full_img_msk/img/img_zone41_1_1.tif
../original_data/data_2/zone44/230617_Ecomed_15cm_L93_4canaux_zone44_5_2.tif,6165,../data/full_img_msk/img/img_zone44_5_2.tif
../original_data/data_2/zone44/230617_Ecomed_15cm_L93_4canaux_zone44_5_2.tif,6166,../data/full_img_msk/img/img_zone44_5_2.tif
../original_data/data_2/zone44/230617_Ecomed_15cm_L93_4canaux_zone44_5_2.tif,6184,../data/full_img_msk/img/img_zone44_5_2.tif
../original_data/data_2/zone45/230617_Ecomed_15cm_L93_4canaux_zone45_0_1.tif,5292,../data/full_img_msk/img/img_zone45_0_1.tif
../original_data/data_2/zone45/230617_Ecomed_15cm_L93_4canaux_zone45_0_1.tif,5309,../data/full_img_msk/img/img_zone45_0_1.tif
../original_data/data_2/zone45/230617_Ecomed_15cm_L93_4canaux_zone45_0_1.tif,5310,../data/full_img_msk/img/img_zone45_0_1.tif
../original_data/data_2/zone45/230617_Ecomed_15cm_L93_4canaux_zone45_0_1.tif,5324,../data/full_img_msk/img/img_zone45_0_1.tif
../original_data/data_2/zone45/230617_Ecomed_15cm_L93_4canaux_zone45_0_1.tif,5330,../data/full_img_msk/img/img_zone45_0_1.tif
../original_data/data_2/zone45/230617_Ecomed_15cm_L93_4canaux_zone45_0_1.tif,5334,../data/full_img_msk/img/img_zone45_0_1.tif
../original_data/data_2/zone45/230617_Ecomed_15cm_L93_4canaux_zone45_0_1.tif,5347,../data/full_img_msk/img/img_zone45_0_1.tif
../original_data/data_2/zone45/230617_Ecomed_15cm_L93_4canaux_zone45_0_1.tif,5348,../data/full_img_msk/img/img_zone45_0_1.tif
../original_data/data_2/zone45/230617_Ecomed_15cm_L93_4canaux_zone45_1_0.tif,5291,../data/full_img_msk/img/img_zone45_1_0.tif
../original_data/data_2/zone45/230617_Ecomed_15cm_L93_4canaux_zone45_1_0.tif,5294,../data/full_img_msk/img/img_zone45_1_0.tif
../original_data/data_2/zone45/230617_Ecomed_15cm_L93_4canaux_zone45_1_0.tif,5299,../data/full_img_msk/img/img_zone45_1_0.tif
../original_data/data_2/zone47/230617_Ecomed_15cm_L93_4canaux_zone47_0_0.tif,2185,../data/full_img_msk/img/img_zone47_0_0.tif
../original_data/data_2/zone47/230617_Ecomed_15cm_L93_4canaux_zone47_0_0.tif,2192,../data/full_img_msk/img/img_zone47_0_0.tif
../original_data/data_2/zone47/230617_Ecomed_15cm_L93_4canaux_zone47_0_0.tif,2193,../data/full_img_msk/img/img_zone47_0_0.tif
../original_data/data_2/zone47/230617_Ecomed_15cm_L93_4canaux_zone47_0_0.tif,2194,../data/full_img_msk/img/img_zone47_0_0.tif
../original_data/data_2/zone47/230617_Ecomed_15cm_L93_4canaux_zone47_0_0.tif,2220,../data/full_img_msk/img/img_zone47_0_0.tif
../original_data/data_2/zone47/230617_Ecomed_15cm_L93_4canaux_zone47_0_0.tif,2223,../data/full_img_msk/img/img_zone47_0_0.tif
../original_data/data_2/zone47/230617_Ecomed_15cm_L93_4canaux_zone47_0_0.tif,2241,../data/full_img_msk/img/img_zone47_0_0.tif
../original_data/data_2/zone47/230617_Ecomed_15cm_L93_4canaux_zone47_0_0.tif,2269,../data/full_img_msk/img/img_zone47_0_0.tif
../original_data/data_2/zone47/230617_Ecomed_15cm_L93_4canaux_zone47_0_0.tif,2270,../data/full_img_msk/img/img_zone47_0_0.tif
../original_data/data_2/zone47/230617_Ecomed_15cm_L93_4canaux_zone47_0_0.tif,2271,../data/full_img_msk/img/img_zone47_0_0.tif
../original_data/data_2/zone47/230617_Ecomed_15cm_L93_4canaux_zone47_0_0.tif,2286,../data/full_img_msk/img/img_zone47_0_0.tif
../original_data/data_2/zone48/230617_Ecomed_15cm_L93_4canaux_zone48_1_0.tif,5042,../data/full_img_msk/img/img_zone48_1_0.tif
../original_data/data_2/zone53/230617_Ecomed_15cm_L93_4canaux_zone53_1_2.tif,7764,../data/full_img_msk/img/img_zone53_1_2.tif
../original_data/data_2/zone54/230617_Ecomed_15cm_L93_4canaux_zone54_0_0.tif,3221,../data/full_img_msk/img/img_zone54_0_0.tif
../original_data/data_2/zone54/230617_Ecomed_15cm_L93_4canaux_zone54_0_0.tif,3238,../data/full_img_msk/img/img_zone54_0_0.tif
../original_data/data_2/zone59/230617_Ecomed_15cm_L93_4canaux_zone59_1_2.tif,8993,../data/full_img_msk/img/img_zone59_1_2.tif
../original_data/data_2/zone59/230617_Ecomed_15cm_L93_4canaux_zone59_1_2.tif,9013,../data/full_img_msk/img/img_zone59_1_2.tif
../original_data/data_2/zone59/230617_Ecomed_15cm_L93_4canaux_zone59_1_2.tif,9014,../data/full_img_msk/img/img_zone59_1_2.tif
../original_data/data_2/zone59/230617_Ecomed_15cm_L93_4canaux_zone59_1_2.tif,9025,../data/full_img_msk/img/img_zone59_1_2.tif
../original_data/data_2/zone59/230617_Ecomed_15cm_L93_4canaux_zone59_1_2.tif,9085,../data/full_img_msk/img/img_zone59_1_2.tif
../original_data/data_2/zone59/230617_Ecomed_15cm_L93_4canaux_zone59_1_2.tif,9092,../data/full_img_msk/img/img_zone59_1_2.tif
../original_data/data_2/zone63/230617_Ecomed_15cm_L93_4canaux_zone63_1_0.tif,20,../data/full_img_msk/img/img_zone63_1_0.tif
../original_data/data_2/zone65/230617_Ecomed_15cm_L93_4canaux_zone65_0_0.tif,9867,../data/full_img_msk/img/img_zone65_0_0.tif
../original_data/data_2/zone65/230617_Ecomed_15cm_L93_4canaux_zone65_0_0.tif,9873,../data/full_img_msk/img/img_zone65_0_0.tif
../original_data/data_2/zone65/230617_Ecomed_15cm_L93_4canaux_zone65_1_1.tif,9855,../data/full_img_msk/img/img_zone65_1_1.tif
../original_data/data_2/zone65/230617_Ecomed_15cm_L93_4canaux_zone65_1_1.tif,9856,../data/full_img_msk/img/img_zone65_1_1.tif
../original_data/data_2/zone65/230617_Ecomed_15cm_L93_4canaux_zone65_1_1.tif,9859,../data/full_img_msk/img/img_zone65_1_1.tif
../original_data/data_2/zone65/230617_Ecomed_15cm_L93_4canaux_zone65_1_1.tif,9888,../data/full_img_msk/img/img_zone65_1_1.tif
../original_data/data_2/zone66/230617_Ecomed_15cm_L93_4canaux_zone66_1_0.tif,6829,../data/full_img_msk/img/img_zone66_1_0.tif
../original_data/data_2/zone66/230617_Ecomed_15cm_L93_4canaux_zone66_1_0.tif,6830,../data/full_img_msk/img/img_zone66_1_0.tif
../original_data/data_2/zone66/230617_Ecomed_15cm_L93_4canaux_zone66_1_0.tif,6831,../data/full_img_msk/img/img_zone66_1_0.tif
../original_data/data_2/zone66/230617_Ecomed_15cm_L93_4canaux_zone66_1_0.tif,6832,../data/full_img_msk/img/img_zone66_1_0.tif
../original_data/data_2/zone66/230617_Ecomed_15cm_L93_4canaux_zone66_1_0.tif,6835,../data/full_img_msk/img/img_zone66_1_0.tif
../original_data/data_2/zone66/230617_Ecomed_15cm_L93_4canaux_zone66_1_0.tif,6836,../data/full_img_msk/img/img_zone66_1_0.tif
../original_data/data_2/zone66/230617_Ecomed_15cm_L93_4canaux_zone66_1_0.tif,6837,../data/full_img_msk/img/img_zone66_1_0.tif
../original_data/data_2/zone66/230617_Ecomed_15cm_L93_4canaux_zone66_1_0.tif,6838,../data/full_img_msk/img/img_zone66_1_0.tif
../original_data/data_2/zone66/230617_Ecomed_15cm_L93_4canaux_zone66_1_0.tif,6854,../data/full_img_msk/img/img_zone66_1_0.tif
../original_data/data_2/zone66/230617_Ecomed_15cm_L93_4canaux_zone66_1_0.tif,6855,../data/full_img_msk/img/img_zone66_1_0.tif
../original_data/data_2/zone66/230617_Ecomed_15cm_L93_4canaux_zone66_1_0.tif,6856,../data/full_img_msk/img/img_zone66_1_0.tif
../original_data/data_2/zone66/230617_Ecomed_15cm_L93_4canaux_zone66_1_0.tif,6857,../data/full_img_msk/img/img_zone66_1_0.tif
../original_data/data_2/zone66/230617_Ecomed_15cm_L93_4canaux_zone66_1_0.tif,6865,../data/full_img_msk/img/img_zone66_1_0.tif
../original_data/data_2/zone66/230617_Ecomed_15cm_L93_4canaux_zone66_1_0.tif,6866,../data/full_img_msk/img/img_zone66_1_0.tif
../original_data/data_2/zone66/230617_Ecomed_15cm_L93_4canaux_zone66_1_0.tif,6867,../data/full_img_msk/img/img_zone66_1_0.tif
../original_data/data_2/zone66/230617_Ecomed_15cm_L93_4canaux_zone66_1_0.tif,6868,../data/full_img_msk/img/img_zone66_1_0.tif
../original_data/data_2/zone66/230617_Ecomed_15cm_L93_4canaux_zone66_1_0.tif,6869,../data/full_img_msk/img/img_zone66_1_0.tif
../original_data/data_2/zone66/230617_Ecomed_15cm_L93_4canaux_zone66_1_0.tif,6870,../data/full_img_msk/img/img_zone66_1_0.tif
../original_data/data_2/zone66/230617_Ecomed_15cm_L93_4canaux_zone66_1_0.tif,6872,../data/full_img_msk/img/img_zone66_1_0.tif
../original_data/data_2/zone66/230617_Ecomed_15cm_L93_4canaux_zone66_1_0.tif,6873,../data/full_img_msk/img/img_zone66_1_0.tif
../original_data/data_2/zone66/230617_Ecomed_15cm_L93_4canaux_zone66_1_0.tif,6874,../data/full_img_msk/img/img_zone66_1_0.tif
../original_data/data_2/zone66/230617_Ecomed_15cm_L93_4canaux_zone66_1_0.tif,6897,../data/full_img_msk/img/img_zone66_1_0.tif
../original_data/data_2/zone66/230617_Ecomed_15cm_L93_4canaux_zone66_1_1.tif,6816,../data/full_img_msk/img/img_zone66_1_1.tif
../original_data/data_2/zone66/230617_Ecomed_15cm_L93_4canaux_zone66_1_1.tif,6826,../data/full_img_msk/img/img_zone66_1_1.tif
../original_data/data_2/zone66/230617_Ecomed_15cm_L93_4canaux_zone66_1_1.tif,6827,../data/full_img_msk/img/img_zone66_1_1.tif
../original_data/data_2/zone66/230617_Ecomed_15cm_L93_4canaux_zone66_1_1.tif,6828,../data/full_img_msk/img/img_zone66_1_1.tif
../original_data/data_2/zone66/230617_Ecomed_15cm_L93_4canaux_zone66_1_1.tif,6829,../data/full_img_msk/img/img_zone66_1_1.tif
../original_data/data_2/zone66/230617_Ecomed_15cm_L93_4canaux_zone66_1_1.tif,6832,../data/full_img_msk/img/img_zone66_1_1.tif
../original_data/data_2/zone66/230617_Ecomed_15cm_L93_4canaux_zone66_1_1.tif,6833,../data/full_img_msk/img/img_zone66_1_1.tif
../original_data/data_2/zone66/230617_Ecomed_15cm_L93_4canaux_zone66_1_1.tif,6835,../data/full_img_msk/img/img_zone66_1_1.tif
../original_data/data_2/zone66/230617_Ecomed_15cm_L93_4canaux_zone66_1_1.tif,6838,../data/full_img_msk/img/img_zone66_1_1.tif
../original_data/data_2/zone66/230617_Ecomed_15cm_L93_4canaux_zone66_1_1.tif,6853,../data/full_img_msk/img/img_zone66_1_1.tif
../original_data/data_2/zone66/230617_Ecomed_15cm_L93_4canaux_zone66_1_1.tif,6854,../data/full_img_msk/img/img_zone66_1_1.tif
../original_data/data_2/zone66/230617_Ecomed_15cm_L93_4canaux_zone66_1_1.tif,6857,../data/full_img_msk/img/img_zone66_1_1.tif
../original_data/data_2/zone66/230617_Ecomed_15cm_L93_4canaux_zone66_1_1.tif,6858,../data/full_img_msk/img/img_zone66_1_1.tif
../original_data/data_2/zone66/230617_Ecomed_15cm_L93_4canaux_zone66_1_1.tif,6860,../data/full_img_msk/img/img_zone66_1_1.tif
../original_data/data_2/zone66/230617_Ecomed_15cm_L93_4canaux_zone66_1_1.tif,6861,../data/full_img_msk/img/img_zone66_1_1.tif
../original_data/data_2/zone66/230617_Ecomed_15cm_L93_4canaux_zone66_1_1.tif,6862,../data/full_img_msk/img/img_zone66_1_1.tif
../original_data/data_2/zone66/230617_Ecomed_15cm_L93_4canaux_zone66_1_1.tif,6863,../data/full_img_msk/img/img_zone66_1_1.tif
../original_data/data_2/zone66/230617_Ecomed_15cm_L93_4canaux_zone66_1_1.tif,6864,../data/full_img_msk/img/img_zone66_1_1.tif
../original_data/data_2/zone66/230617_Ecomed_15cm_L93_4canaux_zone66_1_1.tif,6865,../data/full_img_msk/img/img_zone66_1_1.tif
../original_data/data_2/zone66/230617_Ecomed_15cm_L93_4canaux_zone66_1_1.tif,6866,../data/full_img_msk/img/img_zone66_1_1.tif
../original_data/data_2/zone66/230617_Ecomed_15cm_L93_4canaux_zone66_1_1.tif,6871,../data/full_img_msk/img/img_zone66_1_1.tif
../original_data/data_2/zone66/230617_Ecomed_15cm_L93_4canaux_zone66_1_1.tif,6872,../data/full_img_msk/img/img_zone66_1_1.tif
../original_data/data_2/zone66/230617_Ecomed_15cm_L93_4canaux_zone66_1_1.tif,6875,../data/full_img_msk/img/img_zone66_1_1.tif
../original_data/data_2/zone66/230617_Ecomed_15cm_L93_4canaux_zone66_1_1.tif,6897,../data/full_img_msk/img/img_zone66_1_1.tif
../original_data/data_2/zone66/230617_Ecomed_15cm_L93_4canaux_zone66_1_2.tif,6822,../data/full_img_msk/img/img_zone66_1_2.tif
../original_data/data_2/zone66/230617_Ecomed_15cm_L93_4canaux_zone66_1_2.tif,6823,../data/full_img_msk/img/img_zone66_1_2.tif
../original_data/data_2/zone66/230617_Ecomed_15cm_L93_4canaux_zone66_1_2.tif,6824,../data/full_img_msk/img/img_zone66_1_2.tif
../original_data/data_2/zone66/230617_Ecomed_15cm_L93_4canaux_zone66_1_2.tif,6825,../data/full_img_msk/img/img_zone66_1_2.tif
../original_data/data_2/zone66/230617_Ecomed_15cm_L93_4canaux_zone66_1_2.tif,6826,../data/full_img_msk/img/img_zone66_1_2.tif
../original_data/data_2/zone66/230617_Ecomed_15cm_L93_4canaux_zone66_1_2.tif,6834,../data/full_img_msk/img/img_zone66_1_2.tif
../original_data/data_2/zone66/230617_Ecomed_15cm_L93_4canaux_zone66_1_2.tif,6838,../data/full_img_msk/img/img_zone66_1_2.tif
../original_data/data_2/zone66/230617_Ecomed_15cm_L93_4canaux_zone66_1_2.tif,6839,../data/full_img_msk/img/img_zone66_1_2.tif
../original_data/data_2/zone66/230617_Ecomed_15cm_L93_4canaux_zone66_1_2.tif,6840,../data/full_img_msk/img/img_zone66_1_2.tif
../original_data/data_2/zone66/230617_Ecomed_15cm_L93_4canaux_zone66_1_2.tif,6841,../data/full_img_msk/img/img_zone66_1_2.tif
../original_data/data_2/zone66/230617_Ecomed_15cm_L93_4canaux_zone66_1_2.tif,6842,../data/full_img_msk/img/img_zone66_1_2.tif
../original_data/data_2/zone66/230617_Ecomed_15cm_L93_4canaux_zone66_1_2.tif,6843,../data/full_img_msk/img/img_zone66_1_2.tif
../original_data/data_2/zone66/230617_Ecomed_15cm_L93_4canaux_zone66_1_2.tif,6844,../data/full_img_msk/img/img_zone66_1_2.tif
../original_data/data_2/zone66/230617_Ecomed_15cm_L93_4canaux_zone66_1_2.tif,6845,../data/full_img_msk/img/img_zone66_1_2.tif
../original_data/data_2/zone66/230617_Ecomed_15cm_L93_4canaux_zone66_1_2.tif,6846,../data/full_img_msk/img/img_zone66_1_2.tif
../original_data/data_2/zone66/230617_Ecomed_15cm_L93_4canaux_zone66_1_2.tif,6847,../data/full_img_msk/img/img_zone66_1_2.tif
../original_data/data_2/zone66/230617_Ecomed_15cm_L93_4canaux_zone66_1_2.tif,6848,../data/full_img_msk/img/img_zone66_1_2.tif
../original_data/data_2/zone66/230617_Ecomed_15cm_L93_4canaux_zone66_1_2.tif,6849,../data/full_img_msk/img/img_zone66_1_2.tif
../original_data/data_2/zone66/230617_Ecomed_15cm_L93_4canaux_zone66_1_2.tif,6850,../data/full_img_msk/img/img_zone66_1_2.tif
../original_data/data_2/zone66/230617_Ecomed_15cm_L93_4canaux_zone66_1_2.tif,6858,../data/full_img_msk/img/img_zone66_1_2.tif
../original_data/data_2/zone66/230617_Ecomed_15cm_L93_4canaux_zone66_1_2.tif,6859,../data/full_img_msk/img/img_zone66_1_2.tif
../original_data/data_2/zone66/230617_Ecomed_15cm_L93_4canaux_zone66_1_2.tif,6860,../data/full_img_msk/img/img_zone66_1_2.tif
../original_data/data_2/zone66/230617_Ecomed_15cm_L93_4canaux_zone66_1_2.tif,6861,../data/full_img_msk/img/img_zone66_1_2.tif
../original_data/data_2/zone66/230617_Ecomed_15cm_L93_4canaux_zone66_1_2.tif,6886,../data/full_img_msk/img/img_zone66_1_2.tif
../original_data/data_2/zone66/230617_Ecomed_15cm_L93_4canaux_zone66_1_2.tif,6887,../data/full_img_msk/img/img_zone66_1_2.tif
../original_data/data_2/zone66/230617_Ecomed_15cm_L93_4canaux_zone66_1_2.tif,6891,../data/full_img_msk/img/img_zone66_1_2.tif
../original_data/data_2/zone66/230617_Ecomed_15cm_L93_4canaux_zone66_1_2.tif,6892,../data/full_img_msk/img/img_zone66_1_2.tif
../original_data/data_2/zone66/230617_Ecomed_15cm_L93_4canaux_zone66_1_2.tif,6893,../data/full_img_msk/img/img_zone66_1_2.tif
../original_data/data_2/zone66/230617_Ecomed_15cm_L93_4canaux_zone66_1_2.tif,6894,../data/full_img_msk/img/img_zone66_1_2.tif
../original_data/data_2/zone66/230617_Ecomed_15cm_L93_4canaux_zone66_1_2.tif,6895,../data/full_img_msk/img/img_zone66_1_2.tif
../original_data/data_2/zone66/230617_Ecomed_15cm_L93_4canaux_zone66_1_2.tif,6897,../data/full_img_msk/img/img_zone66_1_2.tif
../original_data/data_2/zone66/230617_Ecomed_15cm_L93_4canaux_zone66_2_2.tif,6819,../data/full_img_msk/img/img_zone66_2_2.tif
../original_data/data_2/zone66/230617_Ecomed_15cm_L93_4canaux_zone66_2_2.tif,6820,../data/full_img_msk/img/img_zone66_2_2.tif
../original_data/data_2/zone66/230617_Ecomed_15cm_L93_4canaux_zone66_2_2.tif,6821,../data/full_img_msk/img/img_zone66_2_2.tif
../original_data/data_2/zone66/230617_Ecomed_15cm_L93_4canaux_zone66_2_2.tif,6822,../data/full_img_msk/img/img_zone66_2_2.tif
../original_data/data_2/zone66/230617_Ecomed_15cm_L93_4canaux_zone66_2_2.tif,6850,../data/full_img_msk/img/img_zone66_2_2.tif
../original_data/data_2/zone66/230617_Ecomed_15cm_L93_4canaux_zone66_2_2.tif,6851,../data/full_img_msk/img/img_zone66_2_2.tif
../original_data/data_2/zone66/230617_Ecomed_15cm_L93_4canaux_zone66_2_2.tif,6852,../data/full_img_msk/img/img_zone66_2_2.tif
../original_data/data_2/zone66/230617_Ecomed_15cm_L93_4canaux_zone66_2_2.tif,6885,../data/full_img_msk/img/img_zone66_2_2.tif
../original_data/data_2/zone66/230617_Ecomed_15cm_L93_4canaux_zone66_2_2.tif,6890,../data/full_img_msk/img/img_zone66_2_2.tif
../original_data/data_2/zone66/230617_Ecomed_15cm_L93_4canaux_zone66_2_2.tif,6897,../data/full_img_msk/img/img_zone66_2_2.tif
../original_data/data_2/zone66/230617_Ecomed_15cm_L93_4canaux_zone66_2_3.tif,6766,../data/full_img_msk/img/img_zone66_2_3.tif
../original_data/data_2/zone66/230617_Ecomed_15cm_L93_4canaux_zone66_2_3.tif,6767,../data/full_img_msk/img/img_zone66_2_3.tif
../original_data/data_2/zone66/230617_Ecomed_15cm_L93_4canaux_zone66_2_3.tif,6768,../data/full_img_msk/img/img_zone66_2_3.tif
../original_data/data_2/zone66/230617_Ecomed_15cm_L93_4canaux_zone66_2_3.tif,6769,../data/full_img_msk/img/img_zone66_2_3.tif
../original_data/data_2/zone66/230617_Ecomed_15cm_L93_4canaux_zone66_2_3.tif,6770,../data/full_img_msk/img/img_zone66_2_3.tif
../original_data/data_2/zone66/230617_Ecomed_15cm_L93_4canaux_zone66_2_3.tif,6771,../data/full_img_msk/img/img_zone66_2_3.tif
../original_data/data_2/zone66/230617_Ecomed_15cm_L93_4canaux_zone66_2_3.tif,6772,../data/full_img_msk/img/img_zone66_2_3.tif
../original_data/data_2/zone66/230617_Ecomed_15cm_L93_4canaux_zone66_2_3.tif,6773,../data/full_img_msk/img/img_zone66_2_3.tif
../original_data/data_2/zone66/230617_Ecomed_15cm_L93_4canaux_zone66_2_3.tif,6774,../data/full_img_msk/img/img_zone66_2_3.tif
../original_data/data_2/zone66/230617_Ecomed_15cm_L93_4canaux_zone66_2_3.tif,6775,../data/full_img_msk/img/img_zone66_2_3.tif
../original_data/data_2/zone66/230617_Ecomed_15cm_L93_4canaux_zone66_2_3.tif,6776,../data/full_img_msk/img/img_zone66_2_3.tif
../original_data/data_2/zone66/230617_Ecomed_15cm_L93_4canaux_zone66_2_3.tif,6777,../data/full_img_msk/img/img_zone66_2_3.tif
../original_data/data_2/zone66/230617_Ecomed_15cm_L93_4canaux_zone66_2_3.tif,6778,../data/full_img_msk/img/img_zone66_2_3.tif
../original_data/data_2/zone66/230617_Ecomed_15cm_L93_4canaux_zone66_2_3.tif,6779,../data/full_img_msk/img/img_zone66_2_3.tif
../original_data/data_2/zone66/230617_Ecomed_15cm_L93_4canaux_zone66_2_3.tif,6780,../data/full_img_msk/img/img_zone66_2_3.tif
../original_data/data_2/zone66/230617_Ecomed_15cm_L93_4canaux_zone66_2_3.tif,6781,../data/full_img_msk/img/img_zone66_2_3.tif
../original_data/data_2/zone66/230617_Ecomed_15cm_L93_4canaux_zone66_2_3.tif,6782,../data/full_img_msk/img/img_zone66_2_3.tif
../original_data/data_2/zone66/230617_Ecomed_15cm_L93_4canaux_zone66_2_3.tif,6783,../data/full_img_msk/img/img_zone66_2_3.tif
../original_data/data_2/zone66/230617_Ecomed_15cm_L93_4canaux_zone66_2_3.tif,6784,../data/full_img_msk/img/img_zone66_2_3.tif
../original_data/data_2/zone66/230617_Ecomed_15cm_L93_4canaux_zone66_2_3.tif,6785,../data/full_img_msk/img/img_zone66_2_3.tif
../original_data/data_2/zone66/230617_Ecomed_15cm_L93_4canaux_zone66_2_3.tif,6786,../data/full_img_msk/img/img_zone66_2_3.tif
../original_data/data_2/zone66/230617_Ecomed_15cm_L93_4canaux_zone66_2_3.tif,6787,../data/full_img_msk/img/img_zone66_2_3.tif
../original_data/data_2/zone66/230617_Ecomed_15cm_L93_4canaux_zone66_2_3.tif,6788,../data/full_img_msk/img/img_zone66_2_3.tif
../original_data/data_2/zone66/230617_Ecomed_15cm_L93_4canaux_zone66_2_3.tif,6789,../data/full_img_msk/img/img_zone66_2_3.tif
../original_data/data_2/zone66/230617_Ecomed_15cm_L93_4canaux_zone66_2_3.tif,6790,../data/full_img_msk/img/img_zone66_2_3.tif
../original_data/data_2/zone66/230617_Ecomed_15cm_L93_4canaux_zone66_2_3.tif,6791,../data/full_img_msk/img/img_zone66_2_3.tif
../original_data/data_2/zone66/230617_Ecomed_15cm_L93_4canaux_zone66_2_3.tif,6792,../data/full_img_msk/img/img_zone66_2_3.tif
../original_data/data_2/zone66/230617_Ecomed_15cm_L93_4canaux_zone66_2_3.tif,6793,../data/full_img_msk/img/img_zone66_2_3.tif
../original_data/data_2/zone66/230617_Ecomed_15cm_L93_4canaux_zone66_2_3.tif,6794,../data/full_img_msk/img/img_zone66_2_3.tif
../original_data/data_2/zone66/230617_Ecomed_15cm_L93_4canaux_zone66_2_3.tif,6795,../data/full_img_msk/img/img_zone66_2_3.tif
../original_data/data_2/zone66/230617_Ecomed_15cm_L93_4canaux_zone66_2_3.tif,6796,../data/full_img_msk/img/img_zone66_2_3.tif
../original_data/data_2/zone66/230617_Ecomed_15cm_L93_4canaux_zone66_2_3.tif,6797,../data/full_img_msk/img/img_zone66_2_3.tif
../original_data/data_2/zone66/230617_Ecomed_15cm_L93_4canaux_zone66_2_3.tif,6798,../data/full_img_msk/img/img_zone66_2_3.tif
../original_data/data_2/zone66/230617_Ecomed_15cm_L93_4canaux_zone66_2_3.tif,6799,../data/full_img_msk/img/img_zone66_2_3.tif
../original_data/data_2/zone66/230617_Ecomed_15cm_L93_4canaux_zone66_2_3.tif,6800,../data/full_img_msk/img/img_zone66_2_3.tif
../original_data/data_2/zone66/230617_Ecomed_15cm_L93_4canaux_zone66_2_3.tif,6801,../data/full_img_msk/img/img_zone66_2_3.tif
../original_data/data_2/zone66/230617_Ecomed_15cm_L93_4canaux_zone66_2_3.tif,6802,../data/full_img_msk/img/img_zone66_2_3.tif
../original_data/data_2/zone66/230617_Ecomed_15cm_L93_4canaux_zone66_2_3.tif,6803,../data/full_img_msk/img/img_zone66_2_3.tif
../original_data/data_2/zone66/230617_Ecomed_15cm_L93_4canaux_zone66_2_3.tif,6804,../data/full_img_msk/img/img_zone66_2_3.tif
../original_data/data_2/zone66/230617_Ecomed_15cm_L93_4canaux_zone66_2_3.tif,6805,../data/full_img_msk/img/img_zone66_2_3.tif
../original_data/data_2/zone66/230617_Ecomed_15cm_L93_4canaux_zone66_2_3.tif,6806,../data/full_img_msk/img/img_zone66_2_3.tif
../original_data/data_2/zone66/230617_Ecomed_15cm_L93_4canaux_zone66_2_3.tif,6807,../data/full_img_msk/img/img_zone66_2_3.tif
../original_data/data_2/zone66/230617_Ecomed_15cm_L93_4canaux_zone66_2_3.tif,6808,../data/full_img_msk/img/img_zone66_2_3.tif
../original_data/data_2/zone66/230617_Ecomed_15cm_L93_4canaux_zone66_2_3.tif,6809,../data/full_img_msk/img/img_zone66_2_3.tif
../original_data/data_2/zone66/230617_Ecomed_15cm_L93_4canaux_zone66_2_3.tif,6810,../data/full_img_msk/img/img_zone66_2_3.tif
../original_data/data_2/zone66/230617_Ecomed_15cm_L93_4canaux_zone66_2_3.tif,6811,../data/full_img_msk/img/img_zone66_2_3.tif
../original_data/data_2/zone66/230617_Ecomed_15cm_L93_4canaux_zone66_2_3.tif,6812,../data/full_img_msk/img/img_zone66_2_3.tif
../original_data/data_2/zone66/230617_Ecomed_15cm_L93_4canaux_zone66_2_3.tif,6813,../data/full_img_msk/img/img_zone66_2_3.tif
../original_data/data_2/zone66/230617_Ecomed_15cm_L93_4canaux_zone66_2_3.tif,6814,../data/full_img_msk/img/img_zone66_2_3.tif
../original_data/data_2/zone66/230617_Ecomed_15cm_L93_4canaux_zone66_2_3.tif,6815,../data/full_img_msk/img/img_zone66_2_3.tif
../original_data/data_2/zone66/230617_Ecomed_15cm_L93_4canaux_zone66_2_3.tif,6817,../data/full_img_msk/img/img_zone66_2_3.tif
../original_data/data_2/zone66/230617_Ecomed_15cm_L93_4canaux_zone66_2_3.tif,6818,../data/full_img_msk/img/img_zone66_2_3.tif
../original_data/data_2/zone66/230617_Ecomed_15cm_L93_4canaux_zone66_2_3.tif,6819,../data/full_img_msk/img/img_zone66_2_3.tif
../original_data/data_2/zone66/230617_Ecomed_15cm_L93_4canaux_zone66_2_3.tif,6877,../data/full_img_msk/img/img_zone66_2_3.tif
../original_data/data_2/zone66/230617_Ecomed_15cm_L93_4canaux_zone66_2_3.tif,6878,../data/full_img_msk/img/img_zone66_2_3.tif
../original_data/data_2/zone66/230617_Ecomed_15cm_L93_4canaux_zone66_2_3.tif,6879,../data/full_img_msk/img/img_zone66_2_3.tif
../original_data/data_2/zone66/230617_Ecomed_15cm_L93_4canaux_zone66_2_3.tif,6880,../data/full_img_msk/img/img_zone66_2_3.tif
../original_data/data_2/zone66/230617_Ecomed_15cm_L93_4canaux_zone66_2_3.tif,6881,../data/full_img_msk/img/img_zone66_2_3.tif
../original_data/data_2/zone66/230617_Ecomed_15cm_L93_4canaux_zone66_2_3.tif,6882,../data/full_img_msk/img/img_zone66_2_3.tif
../original_data/data_2/zone66/230617_Ecomed_15cm_L93_4canaux_zone66_2_3.tif,6883,../data/full_img_msk/img/img_zone66_2_3.tif
../original_data/data_2/zone66/230617_Ecomed_15cm_L93_4canaux_zone66_2_3.tif,6884,../data/full_img_msk/img/img_zone66_2_3.tif
../original_data/data_2/zone66/230617_Ecomed_15cm_L93_4canaux_zone66_2_3.tif,6885,../data/full_img_msk/img/img_zone66_2_3.tif
../original_data/data_2/zone66/230617_Ecomed_15cm_L93_4canaux_zone66_2_3.tif,6888,../data/full_img_msk/img/img_zone66_2_3.tif
../original_data/data_2/zone66/230617_Ecomed_15cm_L93_4canaux_zone66_2_3.tif,6889,../data/full_img_msk/img/img_zone66_2_3.tif
../original_data/data_2/zone66/230617_Ecomed_15cm_L93_4canaux_zone66_2_3.tif,6890,../data/full_img_msk/img/img_zone66_2_3.tif
../original_data/data_2/zone66/230617_Ecomed_15cm_L93_4canaux_zone66_2_3.tif,6897,../data/full_img_msk/img/img_zone66_2_3.tif
../original_data/data_2/zone66/230617_Ecomed_15cm_L93_4canaux_zone66_2_4.tif,6781,../data/full_img_msk/img/img_zone66_2_4.tif
../original_data/data_2/zone66/230617_Ecomed_15cm_L93_4canaux_zone66_2_4.tif,6795,../data/full_img_msk/img/img_zone66_2_4.tif
../original_data/data_2/zone66/230617_Ecomed_15cm_L93_4canaux_zone66_2_4.tif,6800,../data/full_img_msk/img/img_zone66_2_4.tif
../original_data/data_2/zone66/230617_Ecomed_15cm_L93_4canaux_zone66_2_4.tif,6801,../data/full_img_msk/img/img_zone66_2_4.tif
../original_data/data_2/zone68/230617_Ecomed_15cm_L93_4canaux_zone68_0_1.tif,5937,../data/full_img_msk/img/img_zone68_0_1.tif
../original_data/data_2/zone68/230617_Ecomed_15cm_L93_4canaux_zone68_0_1.tif,5946,../data/full_img_msk/img/img_zone68_0_1.tif
../original_data/data_2/zone68/230617_Ecomed_15cm_L93_4canaux_zone68_0_1.tif,5947,../data/full_img_msk/img/img_zone68_0_1.tif
../original_data/data_2/zone68/230617_Ecomed_15cm_L93_4canaux_zone68_0_1.tif,5948,../data/full_img_msk/img/img_zone68_0_1.tif
../original_data/data_2/zone68/230617_Ecomed_15cm_L93_4canaux_zone68_0_1.tif,5950,../data/full_img_msk/img/img_zone68_0_1.tif
../original_data/data_2/zone68/230617_Ecomed_15cm_L93_4canaux_zone68_0_1.tif,6002,../data/full_img_msk/img/img_zone68_0_1.tif
../original_data/data_2/zone68/230617_Ecomed_15cm_L93_4canaux_zone68_1_0.tif,5916,../data/full_img_msk/img/img_zone68_1_0.tif
../original_data/data_2/zone68/230617_Ecomed_15cm_L93_4canaux_zone68_1_0.tif,5917,../data/full_img_msk/img/img_zone68_1_0.tif
../original_data/data_2/zone68/230617_Ecomed_15cm_L93_4canaux_zone68_1_0.tif,5918,../data/full_img_msk/img/img_zone68_1_0.tif
../original_data/data_2/zone68/230617_Ecomed_15cm_L93_4canaux_zone68_1_0.tif,5923,../data/full_img_msk/img/img_zone68_1_0.tif
../original_data/data_2/zone68/230617_Ecomed_15cm_L93_4canaux_zone68_1_0.tif,5924,../data/full_img_msk/img/img_zone68_1_0.tif
../original_data/data_2/zone68/230617_Ecomed_15cm_L93_4canaux_zone68_1_0.tif,5925,../data/full_img_msk/img/img_zone68_1_0.tif
../original_data/data_2/zone68/230617_Ecomed_15cm_L93_4canaux_zone68_1_0.tif,5926,../data/full_img_msk/img/img_zone68_1_0.tif
../original_data/data_2/zone68/230617_Ecomed_15cm_L93_4canaux_zone68_1_0.tif,5927,../data/full_img_msk/img/img_zone68_1_0.tif
../original_data/data_2/zone68/230617_Ecomed_15cm_L93_4canaux_zone68_1_0.tif,5928,../data/full_img_msk/img/img_zone68_1_0.tif
../original_data/data_2/zone68/230617_Ecomed_15cm_L93_4canaux_zone68_1_0.tif,5929,../data/full_img_msk/img/img_zone68_1_0.tif
../original_data/data_2/zone68/230617_Ecomed_15cm_L93_4canaux_zone68_1_0.tif,5931,../data/full_img_msk/img/img_zone68_1_0.tif
../original_data/data_2/zone68/230617_Ecomed_15cm_L93_4canaux_zone68_1_0.tif,5932,../data/full_img_msk/img/img_zone68_1_0.tif
../original_data/data_2/zone68/230617_Ecomed_15cm_L93_4canaux_zone68_1_0.tif,5933,../data/full_img_msk/img/img_zone68_1_0.tif
../original_data/data_2/zone68/230617_Ecomed_15cm_L93_4canaux_zone68_1_0.tif,5934,../data/full_img_msk/img/img_zone68_1_0.tif
../original_data/data_2/zone68/230617_Ecomed_15cm_L93_4canaux_zone68_1_0.tif,5935,../data/full_img_msk/img/img_zone68_1_0.tif
../original_data/data_2/zone68/230617_Ecomed_15cm_L93_4canaux_zone68_1_0.tif,5938,../data/full_img_msk/img/img_zone68_1_0.tif
../original_data/data_2/zone68/230617_Ecomed_15cm_L93_4canaux_zone68_1_0.tif,5939,../data/full_img_msk/img/img_zone68_1_0.tif
../original_data/data_2/zone68/230617_Ecomed_15cm_L93_4canaux_zone68_1_0.tif,5940,../data/full_img_msk/img/img_zone68_1_0.tif
../original_data/data_2/zone68/230617_Ecomed_15cm_L93_4canaux_zone68_1_0.tif,5951,../data/full_img_msk/img/img_zone68_1_0.tif
../original_data/data_2/zone68/230617_Ecomed_15cm_L93_4canaux_zone68_1_0.tif,5959,../data/full_img_msk/img/img_zone68_1_0.tif
../original_data/data_2/zone68/230617_Ecomed_15cm_L93_4canaux_zone68_1_0.tif,5960,../data/full_img_msk/img/img_zone68_1_0.tif
../original_data/data_2/zone68/230617_Ecomed_15cm_L93_4canaux_zone68_1_0.tif,5961,../data/full_img_msk/img/img_zone68_1_0.tif
../original_data/data_2/zone68/230617_Ecomed_15cm_L93_4canaux_zone68_1_0.tif,5962,../data/full_img_msk/img/img_zone68_1_0.tif
../original_data/data_2/zone68/230617_Ecomed_15cm_L93_4canaux_zone68_1_0.tif,5963,../data/full_img_msk/img/img_zone68_1_0.tif
../original_data/data_2/zone68/230617_Ecomed_15cm_L93_4canaux_zone68_1_0.tif,5964,../data/full_img_msk/img/img_zone68_1_0.tif
../original_data/data_2/zone68/230617_Ecomed_15cm_L93_4canaux_zone68_1_0.tif,5965,../data/full_img_msk/img/img_zone68_1_0.tif
../original_data/data_2/zone68/230617_Ecomed_15cm_L93_4canaux_zone68_1_0.tif,5966,../data/full_img_msk/img/img_zone68_1_0.tif
../original_data/data_2/zone68/230617_Ecomed_15cm_L93_4canaux_zone68_1_0.tif,5967,../data/full_img_msk/img/img_zone68_1_0.tif
../original_data/data_2/zone68/230617_Ecomed_15cm_L93_4canaux_zone68_1_0.tif,5968,../data/full_img_msk/img/img_zone68_1_0.tif
../original_data/data_2/zone68/230617_Ecomed_15cm_L93_4canaux_zone68_1_0.tif,5969,../data/full_img_msk/img/img_zone68_1_0.tif
../original_data/data_2/zone68/230617_Ecomed_15cm_L93_4canaux_zone68_1_0.tif,5971,../data/full_img_msk/img/img_zone68_1_0.tif
../original_data/data_2/zone68/230617_Ecomed_15cm_L93_4canaux_zone68_1_0.tif,5972,../data/full_img_msk/img/img_zone68_1_0.tif
../original_data/data_2/zone68/230617_Ecomed_15cm_L93_4canaux_zone68_1_0.tif,5973,../data/full_img_msk/img/img_zone68_1_0.tif
../original_data/data_2/zone68/230617_Ecomed_15cm_L93_4canaux_zone68_1_0.tif,5974,../data/full_img_msk/img/img_zone68_1_0.tif
../original_data/data_2/zone68/230617_Ecomed_15cm_L93_4canaux_zone68_1_0.tif,5976,../data/full_img_msk/img/img_zone68_1_0.tif
../original_data/data_2/zone68/230617_Ecomed_15cm_L93_4canaux_zone68_1_0.tif,5977,../data/full_img_msk/img/img_zone68_1_0.tif
../original_data/data_2/zone68/230617_Ecomed_15cm_L93_4canaux_zone68_1_0.tif,5978,../data/full_img_msk/img/img_zone68_1_0.tif
../original_data/data_2/zone68/230617_Ecomed_15cm_L93_4canaux_zone68_1_0.tif,5979,../data/full_img_msk/img/img_zone68_1_0.tif
../original_data/data_2/zone68/230617_Ecomed_15cm_L93_4canaux_zone68_1_0.tif,5982,../data/full_img_msk/img/img_zone68_1_0.tif
../original_data/data_2/zone68/230617_Ecomed_15cm_L93_4canaux_zone68_1_0.tif,5983,../data/full_img_msk/img/img_zone68_1_0.tif
../original_data/data_2/zone68/230617_Ecomed_15cm_L93_4canaux_zone68_1_0.tif,5984,../data/full_img_msk/img/img_zone68_1_0.tif
../original_data/data_2/zone68/230617_Ecomed_15cm_L93_4canaux_zone68_1_0.tif,5985,../data/full_img_msk/img/img_zone68_1_0.tif
../original_data/data_2/zone68/230617_Ecomed_15cm_L93_4canaux_zone68_1_0.tif,5986,../data/full_img_msk/img/img_zone68_1_0.tif
../original_data/data_2/zone68/230617_Ecomed_15cm_L93_4canaux_zone68_1_0.tif,5987,../data/full_img_msk/img/img_zone68_1_0.tif
../original_data/data_2/zone68/230617_Ecomed_15cm_L93_4canaux_zone68_1_0.tif,5988,../data/full_img_msk/img/img_zone68_1_0.tif
../original_data/data_2/zone68/230617_Ecomed_15cm_L93_4canaux_zone68_1_0.tif,5989,../data/full_img_msk/img/img_zone68_1_0.tif
../original_data/data_2/zone68/230617_Ecomed_15cm_L93_4canaux_zone68_1_0.tif,5990,../data/full_img_msk/img/img_zone68_1_0.tif
../original_data/data_2/zone68/230617_Ecomed_15cm_L93_4canaux_zone68_1_0.tif,5994,../data/full_img_msk/img/img_zone68_1_0.tif
../original_data/data_2/zone68/230617_Ecomed_15cm_L93_4canaux_zone68_1_0.tif,5995,../data/full_img_msk/img/img_zone68_1_0.tif
../original_data/data_2/zone68/230617_Ecomed_15cm_L93_4canaux_zone68_1_0.tif,5996,../data/full_img_msk/img/img_zone68_1_0.tif
../original_data/data_2/zone68/230617_Ecomed_15cm_L93_4canaux_zone68_1_0.tif,5997,../data/full_img_msk/img/img_zone68_1_0.tif
../original_data/data_2/zone68/230617_Ecomed_15cm_L93_4canaux_zone68_1_0.tif,5998,../data/full_img_msk/img/img_zone68_1_0.tif
../original_data/data_2/zone68/230617_Ecomed_15cm_L93_4canaux_zone68_1_0.tif,5999,../data/full_img_msk/img/img_zone68_1_0.tif
../original_data/data_2/zone68/230617_Ecomed_15cm_L93_4canaux_zone68_1_0.tif,6000,../data/full_img_msk/img/img_zone68_1_0.tif
../original_data/data_2/zone68/230617_Ecomed_15cm_L93_4canaux_zone68_1_0.tif,6001,../data/full_img_msk/img/img_zone68_1_0.tif
../original_data/data_2/zone68/230617_Ecomed_15cm_L93_4canaux_zone68_1_0.tif,6002,../data/full_img_msk/img/img_zone68_1_0.tif
../original_data/data_2/zone68/230617_Ecomed_15cm_L93_4canaux_zone68_1_0.tif,6003,../data/full_img_msk/img/img_zone68_1_0.tif
../original_data/data_2/zone68/230617_Ecomed_15cm_L93_4canaux_zone68_1_1.tif,5918,../data/full_img_msk/img/img_zone68_1_1.tif
../original_data/data_2/zone68/230617_Ecomed_15cm_L93_4canaux_zone68_1_1.tif,5919,../data/full_img_msk/img/img_zone68_1_1.tif
../original_data/data_2/zone68/230617_Ecomed_15cm_L93_4canaux_zone68_1_1.tif,5920,../data/full_img_msk/img/img_zone68_1_1.tif
../original_data/data_2/zone68/230617_Ecomed_15cm_L93_4canaux_zone68_1_1.tif,5921,../data/full_img_msk/img/img_zone68_1_1.tif
../original_data/data_2/zone68/230617_Ecomed_15cm_L93_4canaux_zone68_1_1.tif,5922,../data/full_img_msk/img/img_zone68_1_1.tif
../original_data/data_2/zone68/230617_Ecomed_15cm_L93_4canaux_zone68_1_1.tif,5930,../data/full_img_msk/img/img_zone68_1_1.tif
../original_data/data_2/zone68/230617_Ecomed_15cm_L93_4canaux_zone68_1_1.tif,5934,../data/full_img_msk/img/img_zone68_1_1.tif
../original_data/data_2/zone68/230617_Ecomed_15cm_L93_4canaux_zone68_1_1.tif,5935,../data/full_img_msk/img/img_zone68_1_1.tif
../original_data/data_2/zone68/230617_Ecomed_15cm_L93_4canaux_zone68_1_1.tif,5936,../data/full_img_msk/img/img_zone68_1_1.tif
../original_data/data_2/zone68/230617_Ecomed_15cm_L93_4canaux_zone68_1_1.tif,5938,../data/full_img_msk/img/img_zone68_1_1.tif
../original_data/data_2/zone68/230617_Ecomed_15cm_L93_4canaux_zone68_1_1.tif,5939,../data/full_img_msk/img/img_zone68_1_1.tif
../original_data/data_2/zone68/230617_Ecomed_15cm_L93_4canaux_zone68_1_1.tif,5941,../data/full_img_msk/img/img_zone68_1_1.tif
../original_data/data_2/zone68/230617_Ecomed_15cm_L93_4canaux_zone68_1_1.tif,5942,../data/full_img_msk/img/img_zone68_1_1.tif
../original_data/data_2/zone68/230617_Ecomed_15cm_L93_4canaux_zone68_1_1.tif,5943,../data/full_img_msk/img/img_zone68_1_1.tif
../original_data/data_2/zone68/230617_Ecomed_15cm_L93_4canaux_zone68_1_1.tif,5944,../data/full_img_msk/img/img_zone68_1_1.tif
../original_data/data_2/zone68/230617_Ecomed_15cm_L93_4canaux_zone68_1_1.tif,5945,../data/full_img_msk/img/img_zone68_1_1.tif
../original_data/data_2/zone68/230617_Ecomed_15cm_L93_4canaux_zone68_1_1.tif,5949,../data/full_img_msk/img/img_zone68_1_1.tif
../original_data/data_2/zone68/230617_Ecomed_15cm_L93_4canaux_zone68_1_1.tif,5950,../data/full_img_msk/img/img_zone68_1_1.tif
../original_data/data_2/zone68/230617_Ecomed_15cm_L93_4canaux_zone68_1_1.tif,5952,../data/full_img_msk/img/img_zone68_1_1.tif
../original_data/data_2/zone68/230617_Ecomed_15cm_L93_4canaux_zone68_1_1.tif,5953,../data/full_img_msk/img/img_zone68_1_1.tif
../original_data/data_2/zone68/230617_Ecomed_15cm_L93_4canaux_zone68_1_1.tif,5954,../data/full_img_msk/img/img_zone68_1_1.tif
../original_data/data_2/zone68/230617_Ecomed_15cm_L93_4canaux_zone68_1_1.tif,5955,../data/full_img_msk/img/img_zone68_1_1.tif
../original_data/data_2/zone68/230617_Ecomed_15cm_L93_4canaux_zone68_1_1.tif,5956,../data/full_img_msk/img/img_zone68_1_1.tif
../original_data/data_2/zone68/230617_Ecomed_15cm_L93_4canaux_zone68_1_1.tif,5957,../data/full_img_msk/img/img_zone68_1_1.tif
../original_data/data_2/zone68/230617_Ecomed_15cm_L93_4canaux_zone68_1_1.tif,5958,../data/full_img_msk/img/img_zone68_1_1.tif
../original_data/data_2/zone68/230617_Ecomed_15cm_L93_4canaux_zone68_1_1.tif,5960,../data/full_img_msk/img/img_zone68_1_1.tif
../original_data/data_2/zone68/230617_Ecomed_15cm_L93_4canaux_zone68_1_1.tif,5962,../data/full_img_msk/img/img_zone68_1_1.tif
../original_data/data_2/zone68/230617_Ecomed_15cm_L93_4canaux_zone68_1_1.tif,5963,../data/full_img_msk/img/img_zone68_1_1.tif
../original_data/data_2/zone68/230617_Ecomed_15cm_L93_4canaux_zone68_1_1.tif,5970,../data/full_img_msk/img/img_zone68_1_1.tif
../original_data/data_2/zone68/230617_Ecomed_15cm_L93_4canaux_zone68_1_1.tif,5973,../data/full_img_msk/img/img_zone68_1_1.tif
../original_data/data_2/zone68/230617_Ecomed_15cm_L93_4canaux_zone68_1_1.tif,5975,../data/full_img_msk/img/img_zone68_1_1.tif
../original_data/data_2/zone68/230617_Ecomed_15cm_L93_4canaux_zone68_1_1.tif,5990,../data/full_img_msk/img/img_zone68_1_1.tif
../original_data/data_2/zone68/230617_Ecomed_15cm_L93_4canaux_zone68_1_1.tif,5991,../data/full_img_msk/img/img_zone68_1_1.tif
../original_data/data_2/zone68/230617_Ecomed_15cm_L93_4canaux_zone68_1_1.tif,5992,../data/full_img_msk/img/img_zone68_1_1.tif
../original_data/data_2/zone68/230617_Ecomed_15cm_L93_4canaux_zone68_1_1.tif,5993,../data/full_img_msk/img/img_zone68_1_1.tif
../original_data/data_2/zone68/230617_Ecomed_15cm_L93_4canaux_zone68_1_1.tif,6002,../data/full_img_msk/img/img_zone68_1_1.tif
../original_data/data_2/zone68/230617_Ecomed_15cm_L93_4canaux_zone68_1_1.tif,6004,../data/full_img_msk/img/img_zone68_1_1.tif
../original_data/data_2/zone68/230617_Ecomed_15cm_L93_4canaux_zone68_1_1.tif,6005,../data/full_img_msk/img/img_zone68_1_1.tif
../original_data/data_2/zone74/230617_Ecomed_15cm_L93_4canaux_zone74_0_3.tif,2399,../data/full_img_msk/img/img_zone74_0_3.tif
../original_data/data_2/zone74/230617_Ecomed_15cm_L93_4canaux_zone74_0_3.tif,2817,../data/full_img_msk/img/img_zone74_0_3.tif
../original_data/data_2/zone74/230617_Ecomed_15cm_L93_4canaux_zone74_0_3.tif,2820,../data/full_img_msk/img/img_zone74_0_3.tif
../original_data/data_2/zone74/230617_Ecomed_15cm_L93_4canaux_zone74_0_3.tif,3039,../data/full_img_msk/img/img_zone74_0_3.tif
../original_data/data_2/zone77/230617_Ecomed_15cm_L93_4canaux_zone77_0_0.tif,9779,../data/full_img_msk/img/img_zone77_0_0.tif
../original_data/data_2/zone77/230617_Ecomed_15cm_L93_4canaux_zone77_0_0.tif,9785,../data/full_img_msk/img/img_zone77_0_0.tif
../original_data/data_2/zone77/230617_Ecomed_15cm_L93_4canaux_zone77_0_0.tif,9786,../data/full_img_msk/img/img_zone77_0_0.tif
../original_data/data_2/zone77/230617_Ecomed_15cm_L93_4canaux_zone77_0_0.tif,9823,../data/full_img_msk/img/img_zone77_0_0.tif
../original_data/data_2/zone78/230617_Ecomed_15cm_L93_4canaux_zone78_9_8.tif,11676,../data/full_img_msk/img/img_zone78_9_8.tif
../original_data/data_2/zone78/230617_Ecomed_15cm_L93_4canaux_zone78_9_8.tif,11692,../data/full_img_msk/img/img_zone78_9_8.tif
../original_data/data_2/zone78/230617_Ecomed_15cm_L93_4canaux_zone78_9_8.tif,11693,../data/full_img_msk/img/img_zone78_9_8.tif
../original_data/data_2/zone80/230617_Ecomed_15cm_L93_4canaux_zone80_1_0.tif,5193,../data/full_img_msk/img/img_zone80_1_0.tif
../original_data/data_2/zone80/230617_Ecomed_15cm_L93_4canaux_zone80_1_0.tif,5231,../data/full_img_msk/img/img_zone80_1_0.tif
../original_data/data_2/zone80/230617_Ecomed_15cm_L93_4canaux_zone80_1_0.tif,5241,../data/full_img_msk/img/img_zone80_1_0.tif
../original_data/data_3/zone102/230617_Ecomed_15cm_L93_4canaux_zone102_0_0.tif,4006,../data/full_img_msk/img/img_zone102_0_0.tif
../original_data/data_3/zone102/230617_Ecomed_15cm_L93_4canaux_zone102_0_0.tif,4007,../data/full_img_msk/img/img_zone102_0_0.tif
../original_data/data_3/zone102/230617_Ecomed_15cm_L93_4canaux_zone102_0_1.tif,4006,../data/full_img_msk/img/img_zone102_0_1.tif
../original_data/data_3/zone102/230617_Ecomed_15cm_L93_4canaux_zone102_0_1.tif,4007,../data/full_img_msk/img/img_zone102_0_1.tif
../original_data/data_3/zone102/230617_Ecomed_15cm_L93_4canaux_zone102_1_0.tif,4006,../data/full_img_msk/img/img_zone102_1_0.tif
../original_data/data_3/zone102/230617_Ecomed_15cm_L93_4canaux_zone102_1_0.tif,4007,../data/full_img_msk/img/img_zone102_1_0.tif
../original_data/data_3/zone102/230617_Ecomed_15cm_L93_4canaux_zone102_1_0.tif,4009,../data/full_img_msk/img/img_zone102_1_0.tif
../original_data/data_3/zone103/230617_Ecomed_15cm_L93_4canaux_zone103_0_1.tif,11745,../data/full_img_msk/img/img_zone103_0_1.tif
../original_data/data_3/zone103/230617_Ecomed_15cm_L93_4canaux_zone103_0_1.tif,11750,../data/full_img_msk/img/img_zone103_0_1.tif
../original_data/data_3/zone103/230617_Ecomed_15cm_L93_4canaux_zone103_0_1.tif,11752,../data/full_img_msk/img/img_zone103_0_1.tif
../original_data/data_3/zone117/230617_Ecomed_15cm_L93_4canaux_zone117_1_0.tif,1959,../data/full_img_msk/img/img_zone117_1_0.tif
../original_data/data_3/zone120/230617_Ecomed_15cm_L93_4canaux_zone120_0_1.tif,8521,../data/full_img_msk/img/img_zone120_0_1.tif
../original_data/data_3/zone120/230617_Ecomed_15cm_L93_4canaux_zone120_0_1.tif,8522,../data/full_img_msk/img/img_zone120_0_1.tif
../original_data/data_3/zone120/230617_Ecomed_15cm_L93_4canaux_zone120_1_0.tif,8499,../data/full_img_msk/img/img_zone120_1_0.tif
../original_data/data_3/zone120/230617_Ecomed_15cm_L93_4canaux_zone120_1_0.tif,8521,../data/full_img_msk/img/img_zone120_1_0.tif
../original_data/data_3/zone120/230617_Ecomed_15cm_L93_4canaux_zone120_1_0.tif,8523,../data/full_img_msk/img/img_zone120_1_0.tif
../original_data/data_3/zone120/230617_Ecomed_15cm_L93_4canaux_zone120_1_1.tif,8499,../data/full_img_msk/img/img_zone120_1_1.tif
../original_data/data_3/zone120/230617_Ecomed_15cm_L93_4canaux_zone120_1_1.tif,8521,../data/full_img_msk/img/img_zone120_1_1.tif
../original_data/data_3/zone81/230617_Ecomed_15cm_L93_4canaux_zone81_0_1.tif,8293,../data/full_img_msk/img/img_zone81_0_1.tif
../original_data/data_3/zone81/230617_Ecomed_15cm_L93_4canaux_zone81_1_0.tif,8287,../data/full_img_msk/img/img_zone81_1_0.tif
../original_data/data_3/zone81/230617_Ecomed_15cm_L93_4canaux_zone81_1_0.tif,8291,../data/full_img_msk/img/img_zone81_1_0.tif
../original_data/data_3/zone81/230617_Ecomed_15cm_L93_4canaux_zone81_1_0.tif,8293,../data/full_img_msk/img/img_zone81_1_0.tif
../original_data/data_3/zone86/230617_Ecomed_15cm_L93_4canaux_zone86_0_2.tif,8225,../data/full_img_msk/img/img_zone86_0_2.tif
../original_data/data_3/zone86/230617_Ecomed_15cm_L93_4canaux_zone86_0_2.tif,8267,../data/full_img_msk/img/img_zone86_0_2.tif
../original_data/data_3/zone86/230617_Ecomed_15cm_L93_4canaux_zone86_2_2.tif,8216,../data/full_img_msk/img/img_zone86_2_2.tif
../original_data/data_3/zone86/230617_Ecomed_15cm_L93_4canaux_zone86_4_1.tif,8217,../data/full_img_msk/img/img_zone86_4_1.tif
../original_data/data_3/zone86/230617_Ecomed_15cm_L93_4canaux_zone86_4_1.tif,8280,../data/full_img_msk/img/img_zone86_4_1.tif
../original_data/data_3/zone86/230617_Ecomed_15cm_L93_4canaux_zone86_4_1.tif,8281,../data/full_img_msk/img/img_zone86_4_1.tif
../original_data/data_3/zone86/230617_Ecomed_15cm_L93_4canaux_zone86_4_1.tif,8282,../data/full_img_msk/img/img_zone86_4_1.tif
../original_data/data_3/zone86/230617_Ecomed_15cm_L93_4canaux_zone86_5_0.tif,8218,../data/full_img_msk/img/img_zone86_5_0.tif
../original_data/data_3/zone86/230617_Ecomed_15cm_L93_4canaux_zone86_5_0.tif,8237,../data/full_img_msk/img/img_zone86_5_0.tif
../original_data/data_3/zone86/230617_Ecomed_15cm_L93_4canaux_zone86_5_0.tif,8238,../data/full_img_msk/img/img_zone86_5_0.tif
../original_data/data_3/zone87/230617_Ecomed_15cm_L93_4canaux_zone87_1_0.tif,8214,../data/full_img_msk/img/img_zone87_1_0.tif
../original_data/data_3/zone87/230617_Ecomed_15cm_L93_4canaux_zone87_1_0.tif,8253,../data/full_img_msk/img/img_zone87_1_0.tif
../original_data/data_3/zone87/230617_Ecomed_15cm_L93_4canaux_zone87_1_0.tif,8256,../data/full_img_msk/img/img_zone87_1_0.tif
../original_data/data_3/zone87/230617_Ecomed_15cm_L93_4canaux_zone87_1_0.tif,8257,../data/full_img_msk/img/img_zone87_1_0.tif
../original_data/data_3/zone94/230617_Ecomed_15cm_L93_4canaux_zone94_0_0.tif,9955,../data/full_img_msk/img/img_zone94_0_0.tif
../original_data/data_3/zone94/230617_Ecomed_15cm_L93_4canaux_zone94_0_0.tif,9962,../data/full_img_msk/img/img_zone94_0_0.tif
../original_data/data_3/zone94/230617_Ecomed_15cm_L93_4canaux_zone94_0_0.tif,9964,../data/full_img_msk/img/img_zone94_0_0.tif
../original_data/data_3/zone94/230617_Ecomed_15cm_L93_4canaux_zone94_0_0.tif,9966,../data/full_img_msk/img/img_zone94_0_0.tif
../original_data/data_3/zone94/230617_Ecomed_15cm_L93_4canaux_zone94_0_0.tif,9973,../data/full_img_msk/img/img_zone94_0_0.tif
../original_data/data_3/zone94/230617_Ecomed_15cm_L93_4canaux_zone94_0_0.tif,9980,../data/full_img_msk/img/img_zone94_0_0.tif
../original_data/data_3/zone94/230617_Ecomed_15cm_L93_4canaux_zone94_0_1.tif,9962,../data/full_img_msk/img/img_zone94_0_1.tif
../original_data/data_3/zone94/230617_Ecomed_15cm_L93_4canaux_zone94_0_1.tif,9977,../data/full_img_msk/img/img_zone94_0_1.tif
../original_data/data_3/zone94/230617_Ecomed_15cm_L93_4canaux_zone94_0_1.tif,9980,../data/full_img_msk/img/img_zone94_0_1.tif
../original_data/data_3/zone94/230617_Ecomed_15cm_L93_4canaux_zone94_2_2.tif,9960,../data/full_img_msk/img/img_zone94_2_2.tif
../original_data/data_3/zone94/230617_Ecomed_15cm_L93_4canaux_zone94_2_2.tif,9971,../data/full_img_msk/img/img_zone94_2_2.tif
../original_data/data_3/zone94/230617_Ecomed_15cm_L93_4canaux_zone94_2_2.tif,9976,../data/full_img_msk/img/img_zone94_2_2.tif
../original_data/data_3/zone94/230617_Ecomed_15cm_L93_4canaux_zone94_2_2.tif,9981,../data/full_img_msk/img/img_zone94_2_2.tif
../original_data/data_3/zone95/230617_Ecomed_15cm_L93_4canaux_zone95_0_1.tif,8006,../data/full_img_msk/img/img_zone95_0_1.tif
../original_data/data_3/zone95/230617_Ecomed_15cm_L93_4canaux_zone95_0_1.tif,8007,../data/full_img_msk/img/img_zone95_0_1.tif
../original_data/data_3/zone95/230617_Ecomed_15cm_L93_4canaux_zone95_0_1.tif,8008,../data/full_img_msk/img/img_zone95_0_1.tif
../original_data/data_3/zone95/230617_Ecomed_15cm_L93_4canaux_zone95_0_1.tif,8009,../data/full_img_msk/img/img_zone95_0_1.tif
../original_data/data_3/zone95/230617_Ecomed_15cm_L93_4canaux_zone95_0_1.tif,8011,../data/full_img_msk/img/img_zone95_0_1.tif
../original_data/data_3/zone95/230617_Ecomed_15cm_L93_4canaux_zone95_0_1.tif,8012,../data/full_img_msk/img/img_zone95_0_1.tif
../original_data/data_3/zone95/230617_Ecomed_15cm_L93_4canaux_zone95_0_1.tif,8013,../data/full_img_msk/img/img_zone95_0_1.tif
../original_data/data_3/zone95/230617_Ecomed_15cm_L93_4canaux_zone95_0_1.tif,8015,../data/full_img_msk/img/img_zone95_0_1.tif
../original_data/data_3/zone95/230617_Ecomed_15cm_L93_4canaux_zone95_0_1.tif,8017,../data/full_img_msk/img/img_zone95_0_1.tif
../original_data/data_3/zone95/230617_Ecomed_15cm_L93_4canaux_zone95_0_1.tif,8019,../data/full_img_msk/img/img_zone95_0_1.tif
../original_data/data_3/zone95/230617_Ecomed_15cm_L93_4canaux_zone95_0_1.tif,8021,../data/full_img_msk/img/img_zone95_0_1.tif
../original_data/data_3/zone96/230617_Ecomed_15cm_L93_4canaux_zone96_2_1.tif,958,../data/full_img_msk/img/img_zone96_2_1.tif
../original_data/data_3/zone96/230617_Ecomed_15cm_L93_4canaux_zone96_2_1.tif,959,../data/full_img_msk/img/img_zone96_2_1.tif
../original_data/data_3/zone96/230617_Ecomed_15cm_L93_4canaux_zone96_2_1.tif,968,../data/full_img_msk/img/img_zone96_2_1.tif
../original_data/data_3/zone96/230617_Ecomed_15cm_L93_4canaux_zone96_2_1.tif,987,../data/full_img_msk/img/img_zone96_2_1.tif
../original_data/data_3/zone96/230617_Ecomed_15cm_L93_4canaux_zone96_2_1.tif,988,../data/full_img_msk/img/img_zone96_2_1.tif
../original_data/data_3/zone96/230617_Ecomed_15cm_L93_4canaux_zone96_2_1.tif,990,../data/full_img_msk/img/img_zone96_2_1.tif
../original_data/data_3/zone97/230617_Ecomed_15cm_L93_4canaux_zone97_1_1.tif,5386,../data/full_img_msk/img/img_zone97_1_1.tif
../original_data/data_3/zone97/230617_Ecomed_15cm_L93_4canaux_zone97_1_1.tif,5398,../data/full_img_msk/img/img_zone97_1_1.tif
../original_data/data_4/zone141/230617_Ecomed_15cm_L93_4canaux_zone141_0_1.tif,9115,../data/full_img_msk/img/img_zone141_0_1.tif
../original_data/data_4/zone121/230617_Ecomed_15cm_L93_4canaux_zone121_1_1.tif,4193,../data/full_img_msk/img/img_zone121_1_1.tif
../original_data/data_4/zone121/230617_Ecomed_15cm_L93_4canaux_zone121_1_1.tif,4199,../data/full_img_msk/img/img_zone121_1_1.tif
../original_data/data_4/zone133/230617_Ecomed_15cm_L93_4canaux_zone133_1_0.tif,5678,../data/full_img_msk/img/img_zone133_1_0.tif
../original_data/data_4/zone133/230617_Ecomed_15cm_L93_4canaux_zone133_1_0.tif,5698,../data/full_img_msk/img/img_zone133_1_0.tif
../original_data/data_4/zone139/230617_Ecomed_15cm_L93_4canaux_zone139_0_2.tif,1413,../data/full_img_msk/img/img_zone139_0_2.tif
../original_data/data_4/zone139/230617_Ecomed_15cm_L93_4canaux_zone139_0_2.tif,1465,../data/full_img_msk/img/img_zone139_0_2.tif
../original_data/data_4/zone139/230617_Ecomed_15cm_L93_4canaux_zone139_1_0.tif,1404,../data/full_img_msk/img/img_zone139_1_0.tif
../original_data/data_4/zone139/230617_Ecomed_15cm_L93_4canaux_zone139_1_0.tif,1405,../data/full_img_msk/img/img_zone139_1_0.tif
../original_data/data_4/zone139/230617_Ecomed_15cm_L93_4canaux_zone139_1_0.tif,1450,../data/full_img_msk/img/img_zone139_1_0.tif
../original_data/data_4/zone139/230617_Ecomed_15cm_L93_4canaux_zone139_1_0.tif,1455,../data/full_img_msk/img/img_zone139_1_0.tif
../original_data/data_4/zone139/230617_Ecomed_15cm_L93_4canaux_zone139_1_0.tif,1465,../data/full_img_msk/img/img_zone139_1_0.tif
../original_data/data_4/zone142/230617_Ecomed_15cm_L93_4canaux_zone142_0_1.tif,9425,../data/full_img_msk/img/img_zone142_0_1.tif
../original_data/data_4/zone145/230617_Ecomed_15cm_L93_4canaux_zone145_0_1.tif,8402,../data/full_img_msk/img/img_zone145_0_1.tif
../original_data/data_4/zone145/230617_Ecomed_15cm_L93_4canaux_zone145_0_1.tif,8408,../data/full_img_msk/img/img_zone145_0_1.tif
../original_data/data_4/zone150/230617_Ecomed_15cm_L93_4canaux_zone150_0_0.tif,3278,../data/full_img_msk/img/img_zone150_0_0.tif
../original_data/data_4/zone150/230617_Ecomed_15cm_L93_4canaux_zone150_0_0.tif,3280,../data/full_img_msk/img/img_zone150_0_0.tif
../original_data/data_4/zone150/230617_Ecomed_15cm_L93_4canaux_zone150_0_0.tif,3311,../data/full_img_msk/img/img_zone150_0_0.tif
../original_data/data_4/zone150/230617_Ecomed_15cm_L93_4canaux_zone150_0_1.tif,3278,../data/full_img_msk/img/img_zone150_0_1.tif
../original_data/data_4/zone150/230617_Ecomed_15cm_L93_4canaux_zone150_0_1.tif,3280,../data/full_img_msk/img/img_zone150_0_1.tif
../original_data/data_4/zone150/230617_Ecomed_15cm_L93_4canaux_zone150_0_1.tif,3311,../data/full_img_msk/img/img_zone150_0_1.tif
../original_data/data_4/zone162/230617_Ecomed_15cm_L93_4canaux_zone162_1_0.tif,8064,../data/full_img_msk/img/img_zone162_1_0.tif
../original_data/data_4/zone165/230617_Ecomed_15cm_L93_4canaux_zone165_0_0.tif,1571,../data/full_img_msk/img/img_zone165_0_0.tif
../original_data/data_4/zone165/230617_Ecomed_15cm_L93_4canaux_zone165_0_0.tif,1575,../data/full_img_msk/img/img_zone165_0_0.tif
../original_data/data_4/zone170/230617_Ecomed_15cm_L93_4canaux_zone170_0_5.tif,6523,../data/full_img_msk/img/img_zone170_0_5.tif
../original_data/data_4/zone170/230617_Ecomed_15cm_L93_4canaux_zone170_0_5.tif,6553,../data/full_img_msk/img/img_zone170_0_5.tif
../original_data/data_4/zone170/230617_Ecomed_15cm_L93_4canaux_zone170_0_5.tif,6582,../data/full_img_msk/img/img_zone170_0_5.tif
../original_data/data_4/zone170/230617_Ecomed_15cm_L93_4canaux_zone170_0_5.tif,6598,../data/full_img_msk/img/img_zone170_0_5.tif
../original_data/data_4/zone170/230617_Ecomed_15cm_L93_4canaux_zone170_2_0.tif,6524,../data/full_img_msk/img/img_zone170_2_0.tif
../original_data/data_4/zone170/230617_Ecomed_15cm_L93_4canaux_zone170_2_0.tif,6528,../data/full_img_msk/img/img_zone170_2_0.tif
../original_data/data_4/zone170/230617_Ecomed_15cm_L93_4canaux_zone170_3_0.tif,6528,../data/full_img_msk/img/img_zone170_3_0.tif
../original_data/data_4/zone170/230617_Ecomed_15cm_L93_4canaux_zone170_3_4.tif,6500,../data/full_img_msk/img/img_zone170_3_4.tif
../original_data/data_4/zone170/230617_Ecomed_15cm_L93_4canaux_zone170_3_4.tif,6501,../data/full_img_msk/img/img_zone170_3_4.tif
../original_data/data_4/zone170/230617_Ecomed_15cm_L93_4canaux_zone170_3_4.tif,6502,../data/full_img_msk/img/img_zone170_3_4.tif
../original_data/data_4/zone170/230617_Ecomed_15cm_L93_4canaux_zone170_3_4.tif,6549,../data/full_img_msk/img/img_zone170_3_4.tif
../original_data/data_4/zone170/230617_Ecomed_15cm_L93_4canaux_zone170_3_4.tif,6598,../data/full_img_msk/img/img_zone170_3_4.tif
../original_data/data_4/zone170/230617_Ecomed_15cm_L93_4canaux_zone170_3_5.tif,6500,../data/full_img_msk/img/img_zone170_3_5.tif
../original_data/data_4/zone170/230617_Ecomed_15cm_L93_4canaux_zone170_3_5.tif,6501,../data/full_img_msk/img/img_zone170_3_5.tif
../original_data/data_4/zone170/230617_Ecomed_15cm_L93_4canaux_zone170_3_5.tif,6502,../data/full_img_msk/img/img_zone170_3_5.tif
../original_data/data_4/zone170/230617_Ecomed_15cm_L93_4canaux_zone170_3_5.tif,6535,../data/full_img_msk/img/img_zone170_3_5.tif
../original_data/data_4/zone170/230617_Ecomed_15cm_L93_4canaux_zone170_3_5.tif,6598,../data/full_img_msk/img/img_zone170_3_5.tif
